Workbook

Sheet Status Report
A1: Project | B1: Quality Gate | C1: Security Rating | D1: Security Issues | E1: Reliability Rating | F1: Reliability Issues | G1: Maintainability Rating | H1: Maintainability Issues | I1: Security Hotspot Rating | J1: Hotspots Reviewed % | K1: Coverage % | L1: Duplications % | M1: Total Issues | N1: Main Failure Drivers | O1: Recommended Action | P1: Owner | Q1: Target Date | R1: Remarks
A2: DXP-FE-TRAVEL-INSURANCE-V3 | B2: Failed | C2: A | D2: 0 | E2: C | F2: 17 | G2: A | H2: 293 | I2: A | K2: 0 | L2: 0.074 | M2: 310 | N2: Issues > 0; Coverage below 40%; Reliability rating C | O2: Fix/resolve all open Sonar issues or relax gate for rollout; Add/enable unit tests and publish coverage report; Fix blocker/critical bugs affecting reliability
A3: DXP-BFF-WEB | B3: Failed | C3: A | D3: 0 | E3: A | F3: 0 | G3: A | H3: 78 | I3: A | K3: 0.457 | L3: 0.077 | M3: 78 | N3: Issues > 0 | O3: Fix/resolve all open Sonar issues or relax gate for rollout
A4: DXP-DH-RECOVERY-PORTAL-V3 | B4: Failed | C4: A | D4: 0 | E4: C | F4: 2 | G4: A | H4: 23 | I4: E | J4: 0 | K4: 0.425 | L4: 0.113 | M4: 25 | N4: Issues > 0; Hotspots reviewed below 100%; Reliability rating C | O4: Fix/resolve all open Sonar issues or relax gate for rollout; Review all Security Hotspots in SonarQube; Fix blocker/critical bugs affecting reliability
A5: DXP-DH-WORKSHOP-PORTAL-V3 | B5: Failed | C5: A | D5: 0 | E5: C | F5: 6 | G5: A | H5: 179 | I5: A | J5: 1 | K5: 0.43 | L5: 0.118 | M5: 185 | N5: Issues > 0; Reliability rating C | O5: Fix/resolve all open Sonar issues or relax gate for rollout; Fix blocker/critical bugs affecting reliability
A6: DXP-FE-SALES-VISIT-VISA-V3 | B6: Failed | C6: A | D6: 0 | E6: C | F6: 3 | G6: A | H6: 104 | I6: A | K6: 0 | L6: 0.4 | M6: 107 | N6: Issues > 0; Coverage below 40%; Reliability rating C; Duplications above 20% | O6: Fix/resolve all open Sonar issues or relax gate for rollout; Add/enable unit tests and publish coverage report; Fix blocker/critical bugs affecting reliability; Refactor duplicated code
A8: Quality Gate Conditions Used
A9: Issues
A10: Security Hotspots Reviewed
A11: Coverage
A12: Duplicated Lines %
A13: Note
A14: Source
A15: Prepared For
A16: Report Date

Sheet Sheet1
A1: Project | B1: Quality Gate | C1: Hotspots Reviewed % | D1: Coverage % | E1: Duplications % | F1: Total Issues
A2: DXP-FE-TRAVEL-INSURANCE-V3 | B2: Failed | D2: 0 | E2: 0.074 | F2: 310
A3: DXP-BFF-WEB | B3: Failed | D3: 0.457 | E3: 0.077 | F3: 78
A4: DXP-DH-RECOVERY-PORTAL-V3 | B4: Failed | C4: 0 | D4: 0.425 | E4: 0.113 | F4: 25
A5: DXP-DH-WORKSHOP-PORTAL-V3 | B5: Failed | C5: 1 | D5: 0.43 | E5: 0.118 | F5: 185
A6: DXP-FE-SALES-VISIT-VISA-V3 | B6: Failed | D6: 0 | E6: 0.4 | F6: 107

Sheet Sheet2
A1: Conditions on New Code | D1: Conditions on Overall Code
A2: Metric | B2: Condition | D2: Metric | E2: Condition
A3: Coverage | B3: < 40% | D3: Coverage | E3: < 40%
A4: Duplicated Lines (%) | B4: > 20% | D4: Duplicated Lines (%) | E4: > 20%
A5: Issues | B5: > 0 | D5: Issues | E5: > 0
A6: Security Hotspots Reviewed | B6: < 100% | D6: Security Hotspots Reviewed | E6: < 100%

Sheet Summary
A1: SonarQube Quality Gate Status Summary
A3: Total Projects | B3: =COUNTA('Status Report'!A2:A6) -> 5
A4: Failed Projects | B4: =COUNTIF('Status Report'!B2:B6,"Failed") -> 5
A5: Avg Coverage | B5: =AVERAGE('Status Report'!K2:K6) -> 0.2624
A6: Avg Duplications | B6: =AVERAGE('Status Report'!L2:L6) -> 0.1564
A7: Projects Coverage < 40% | B7: =COUNTIF('Status Report'!K2:K6,"<0.4") -> 2
A8: Projects Hotspots < 100% | B8: =COUNTIF('Status Report'!J2:J6,"<1") -> 1
A9: Total Open Issues | B9: =SUM('Status Report'!M2:M6) -> 705
A11: Project | B11: Coverage % | C11: Duplications %
A12: ='Status Report'!A2 -> DXP-FE-TRAVEL-INSURANCE-V3 | B12: ='Status Report'!K2 -> 0 | C12: ='Status Report'!L2 -> 0.074
A13: ='Status Report'!A3 -> DXP-BFF-WEB | B13: ='Status Report'!K3 -> 0.457 | C13: ='Status Report'!L3 -> 0.077
A14: ='Status Report'!A4 -> DXP-DH-RECOVERY-PORTAL-V3 | B14: ='Status Report'!K4 -> 0.425 | C14: ='Status Report'!L4 -> 0.113
A15: ='Status Report'!A5 -> DXP-DH-WORKSHOP-PORTAL-V3 | B15: ='Status Report'!K5 -> 0.43 | C15: ='Status Report'!L5 -> 0.118
A16: ='Status Report'!A6 -> DXP-FE-SALES-VISIT-VISA-V3 | B16: ='Status Report'!K6 -> 0 | C16: ='Status Report'!L6 -> 0.4
